first name,last name,city
John,Doe,New York
Jane,Smith,San Francisco
Mark,Johnson,Los Angeles
Samantha,Lee,Chicago
David,Nguyen,Houston
Emily,Chen,Miami
Alex,Miller,Boston
Lila,Jones,Seattle
Oscar,Wilson,Denver
Anna,Kim,Washington D.C.
Nate,Allen,Austin
Grace,Taylor,Phoenix
Jacob,Wright,Portland
Olivia,Lopez,San Diego
Ethan,Hall,Philadelphia
Ava,Murphy,Atlanta
Lucas,Garcia,Dallas
Isabella,Clark,Columbus
Liam,Perez,Charlotte
Mia,Campbell,Detroit
William,Torres,Minneapolis
Sophia,Rivera,Kansas City
Michael,Mitchell,Indianapolis
Evelyn,Carter,Tampa
Benjamin,Gomez,Saint Louis
Avery,Brown,Orlando
Victoria,Parker,Salt Lake City
Daniel,Turner,Raleigh
Chloe,Cooper,Pittsburgh
Alexander,Reed,Oklahoma City
Madison,Price,Milwaukee
Samuel,Bell,Memphis
Scarlett,Harris,Cincinnati
Ryan,Murphy,Baltimore
Aria,Ross,Nashville
William,Cook,Buffalo
Lily,Hughes,Richmond
Caleb,Long,Hartford
Aaliyah,Foster,Albuquerque
Jackson,Rogers,New Orleans
Leah,Reyes,Providence
Henry,Gray,Las Vegas
Audrey,Simmons,Boise
Logan,King,Montgomery
Aubrey,Washington,Fargo
Gabriel,Scott,Little Rock
Hazel,Gonzalez,Sacramento
Elijah,Green,Lexington
Nora,Barnes,Madison
Matthew,Baker,Des Moines
Addison,Adams,Anchorage
Nicholas,Nelson,Omaha
Ella,Fisher,Charleston
Joshua,Butler,Wichita
Aurora,Halliday,Rapid City
Anthony,Phillips,Sioux Falls
Brielle,Hamilton,Cheyenne
Christopher,Griffiths,Juneau
Brooklyn,Ford,Dover
Andrew,Crawford,Helena
Hailey,West,Knoxville
Davidson,Kelley,Manchester
Makayla,Hayes,Tallahassee
Connor,Spencer,Topeka
Penelope,Ramirez,Pierre
Evan,Collins,Salem
Isabelle,Sanchez,Jefferson City
Cameron,Robinson,Springfield
Mackenzie,Harrison,Lansing
Christopher,Woods,Bismarck
Autumn,Russell,Santa Fe
Dylan,Morgan,Concord
Ellie,Hart,Carson City
Aaron,Burns,Albany
Claire,Bishop,Phoenix
Ethan,Reid,Columbia
Caroline,Marsh,Lincoln
Nicholas,Carr,Annapolis
Amelia,Howe,Boise
Lucas,Miles,Springfield
Elise,Henderson,Jefferson City
Brandon,Cunningham,Helena
Sadie,Patterson,Sacramento
Carter,Ferguson,Des Moines
Jasmine,Hogan,Juneau
Tristan,Armstrong,Pierre
Julia,Fitzgerald,Tallahassee
Nathan,Walker,Harrisburg
Sofia,Ward,Olympia
